_id,first_name,roll_num,email,class,section
0,Liam,1,liam@school.com,10,A
1,Noah,2,noah@school.com,10,B
2,William,3,william@school.com,7,B
3,James,4,james@school.com,8,B
4,Logan,5,logan@school.com,11,A
5,Benjamin,6,benjamin@school.com,11,B
6,Mason,7,mason@school.com,8,A
7,Elijah,8,elijah@school.com,11,B
8,Oliver,9,oliver@school.com,7,B
9,Jacob,10,jacob@school.com,7,A
10,Lucas,11,lucas@school.com,11,B
11,Michael,12,michael@school.com,7,A
12,Alexander,13,alexander@school.com,11,A
13,Ethan,14,ethan@school.com,9,B
14,Daniel,15,daniel@school.com,9,A
15,Matthew,16,matthew@school.com,11,B
16,Aiden,17,aiden@school.com,9,B
17,Henry,18,henry@school.com,10,B
18,Joseph,19,joseph@school.com,7,A
19,Jackson,20,jackson@school.com,9,A
20,Samuel,21,samuel@school.com,11,A
21,Sebastian,22,sebastian@school.com,10,A
22,David,23,david@school.com,11,B
23,Carter,24,carter@school.com,10,A
24,Wyatt,25,wyatt@school.com,12,B
25,Jayden,26,jayden@school.com,8,A
26,John,27,john@school.com,8,B
27,Owen,28,owen@school.com,10,B
28,Dylan,29,dylan@school.com,7,A
29,Luke,30,luke@school.com,12,B
30,Gabriel,31,gabriel@school.com,7,A
31,Anthony,32,anthony@school.com,10,B
32,Isaac,33,isaac@school.com,12,A
33,Grayson,34,grayson@school.com,8,A
34,Jack,35,jack@school.com,10,A
35,Julian,36,julian@school.com,8,A
36,Levi,37,levi@school.com,12,A
37,Christopher,38,christopher@school.com,7,B
38,Joshua,39,joshua@school.com,9,B
39,Andrew,40,andrew@school.com,12,B
40,Lincoln,41,lincoln@school.com,7,A
41,Mateo,42,mateo@school.com,11,A
42,Ryan,43,ryan@school.com,11,B
43,Jaxon,44,jaxon@school.com,10,A
44,Nathan,45,nathan@school.com,9,A
45,Aaron,46,aaron@school.com,10,A
46,Isaiah,47,isaiah@school.com,10,B
47,Thomas,48,thomas@school.com,10,B
48,Charles,49,charles@school.com,8,A
49,Caleb,50,caleb@school.com,12,A
50,Josiah,51,josiah@school.com,9,B
51,Christian,52,christian@school.com,10,B
52,Hunter,53,hunter@school.com,9,B
53,Eli,54,eli@school.com,11,B
54,Jonathan,55,jonathan@school.com,11,B
55,Connor,56,connor@school.com,7,A
56,Landon,57,landon@school.com,8,B
57,Adrian,58,adrian@school.com,10,B
58,Asher,59,asher@school.com,8,A
59,Cameron,60,cameron@school.com,7,B
60,Leo,61,leo@school.com,8,A
61,Theodore,62,theodore@school.com,7,A
62,Jeremiah,63,jeremiah@school.com,11,A
63,Hudson,64,hudson@school.com,8,B
64,Robert,65,robert@school.com,12,B
65,Easton,66,easton@school.com,12,A
66,Nolan,67,nolan@school.com,8,A
67,Nicholas,68,nicholas@school.com,11,A
68,Ezra,69,ezra@school.com,10,A
69,Colton,70,colton@school.com,11,A
70,Angel,71,angel@school.com,10,B
71,Brayden,72,brayden@school.com,10,B
72,Jordan,73,jordan@school.com,12,B
73,Dominic,74,dominic@school.com,7,B
74,Austin,75,austin@school.com,7,A
75,Ian,76,ian@school.com,8,A
76,Adam,77,adam@school.com,12,A
77,Elias,78,elias@school.com,7,B
78,Jaxson,79,jaxson@school.com,8,B
79,Greyson,80,greyson@school.com,11,B
80,Jose,81,jose@school.com,7,A
81,Ezekiel,82,ezekiel@school.com,7,B
82,Carson,83,carson@school.com,7,A
83,Evan,84,evan@school.com,9,A
84,Maverick,85,maverick@school.com,9,B
85,Bryson,86,bryson@school.com,7,A
86,Jace,87,jace@school.com,7,A
87,Cooper,88,cooper@school.com,10,B
88,Xavier,89,xavier@school.com,10,A
89,Parker,90,parker@school.com,8,B
90,Roman,91,roman@school.com,10,B
91,Jason,92,jason@school.com,9,B
92,Santiago,93,santiago@school.com,11,B
93,Chase,94,chase@school.com,9,A
94,Sawyer,95,sawyer@school.com,10,A
95,Gavin,96,gavin@school.com,8,B
96,Leonardo,97,leonardo@school.com,9,A
97,Kayden,98,kayden@school.com,11,A
98,Ayden,99,ayden@school.com,7,A
99,Jameson,100,jameson@school.com,11,B
100,Kevin,101,kevin@school.com,12,B
101,Bentley,102,bentley@school.com,7,B
102,Zachary,103,zachary@school.com,11,A
103,Everett,104,everett@school.com,9,B
104,Axel,105,axel@school.com,7,A
105,Tyler,106,tyler@school.com,10,B
106,Micah,107,micah@school.com,8,B
107,Vincent,108,vincent@school.com,11,B
108,Weston,109,weston@school.com,12,A
109,Miles,110,miles@school.com,11,B
110,Wesley,111,wesley@school.com,12,B
111,Nathaniel,112,nathaniel@school.com,10,A
112,Harrison,113,harrison@school.com,8,B
113,Brandon,114,brandon@school.com,12,B
114,Cole,115,cole@school.com,8,A
115,Declan,116,declan@school.com,11,A
116,Luis,117,luis@school.com,7,A
117,Braxton,118,braxton@school.com,9,A
118,Damian,119,damian@school.com,11,A
119,Silas,120,silas@school.com,7,B
120,Tristan,121,tristan@school.com,8,A
121,Ryder,122,ryder@school.com,8,A
122,Bennett,123,bennett@school.com,7,B
123,George,124,george@school.com,8,B
124,Emmett,125,emmett@school.com,7,B
125,Justin,126,justin@school.com,7,A
126,Kai,127,kai@school.com,7,A
127,Max,128,max@school.com,12,B
128,Diego,129,diego@school.com,10,A
129,Luca,130,luca@school.com,8,A
130,Ryker,131,ryker@school.com,7,B
131,Carlos,132,carlos@school.com,12,A
132,Maxwell,133,maxwell@school.com,9,A
133,Kingston,134,kingston@school.com,12,B
134,Ivan,135,ivan@school.com,7,A
135,Maddox,136,maddox@school.com,9,B
136,Juan,137,juan@school.com,10,A
137,Ashton,138,ashton@school.com,9,A
138,Jayce,139,jayce@school.com,10,B
139,Rowan,140,rowan@school.com,10,B
140,Kaiden,141,kaiden@school.com,12,A
141,Giovanni,142,giovanni@school.com,7,B
142,Eric,143,eric@school.com,9,B
143,Jesus,144,jesus@school.com,12,A
144,Calvin,145,calvin@school.com,7,A
145,Abel,146,abel@school.com,9,A
146,King,147,king@school.com,9,B
147,Camden,148,camden@school.com,9,A
148,Amir,149,amir@school.com,12,A
149,Blake,150,blake@school.com,11,B
